"ObjectId","Landkreis","Bundesland","Infektionen","Infektionsrate","Neuinfektionen pro 100k EW","Todesfälle","Letalitätsrate","Aktualisiert"
"1","Flensburg","Schleswig-Holstein","133","0.14750898362983","147.50898362983","3","2.25563909774436","2020-10-09"
"2","Kiel","Schleswig-Holstein","483","0.195709782247542","195.709782247542","12","2.48447204968944","2020-10-09"
"3","Lübeck","Schleswig-Holstein","321","0.148247356024569","148.247356024569","1","0.311526479750779","2020-10-09"
"4","Neumünster","Schleswig-Holstein","173","0.215721482368198","215.721482368198","3","1.73410404624277","2020-10-09"
"5","Dithmarschen","Schleswig-Holstein","246","0.184694390846366","184.694390846366","5","2.03252032520325","2020-10-09"
"6","Herzogtum Lauenburg","Schleswig-Holstein","375","0.189375766971856","189.375766971856","18","4.8","2020-10-09"
"7","Nordfriesland","Schleswig-Holstein","153","0.0921958891480015","92.1958891480015","2","1.30718954248366","2020-10-09"
"8","Ostholstein","Schleswig-Holstein","153","0.0762943866280374","76.2943866280374","0","0.0","2020-10-09"
"9","Pinneberg","Schleswig-Holstein","919","0.290728022195297","290.728022195297","47","5.11425462459195","2020-10-09"
"10","Plön","Schleswig-Holstein","170","0.132104502432277","132.104502432277","8","4.70588235294118","2020-10-09"
"11","Rendsburg-Eckernförde","Schleswig-Holstein","384","0.140095878116586","140.095878116586","14","3.64583333333333","2020-10-09"
"12","Schleswig-Flensburg","Schleswig-Holstein","208","0.103402334506552","103.402334506552","4","1.92307692307692","2020-10-09"
"13","Segeberg","Schleswig-Holstein","509","0.183638495535312","183.638495535312","7","1.37524557956778","2020-10-09"
"14","Steinburg","Schleswig-Holstein","238","0.181661361849587","181.661361849587","3","1.26050420168067","2020-10-09"
"15","Stormarn","Schleswig-Holstein","690","0.282606202591786","282.606202591786","35","5.07246376811594","2020-10-09"
"16","Hamburg","Hamburg","8669","0.469291428948823","469.291428948823","276","3.18375821894105","2020-10-09"
"17","Braunschweig","Niedersachsen","526","0.210901101016014","210.901101016014","18","3.42205323193916","2020-10-09"
"18","Salzgitter","Niedersachsen","271","0.259849843227124","259.849843227124","10","3.690036900369","2020-10-09"
"19","Wolfsburg","Niedersachsen","456","0.366644957425766","366.644957425766","53","11.6228070175439","2020-10-09"
"20","Gifhorn","Niedersachsen","259","0.146723089908964","146.723089908964","5","1.93050193050193","2020-10-09"
"21","Goslar","Niedersachsen","320","0.234790009685088","234.790009685088","27","8.4375","2020-10-09"
"22","Helmstedt","Niedersachsen","174","0.190586766268333","190.586766268333","2","1.14942528735632","2020-10-09"
"23","Northeim","Niedersachsen","189","0.142873341648713","142.873341648713","6","3.17460317460317","2020-10-09"
"24","Peine","Niedersachsen","310","0.229968620410828","229.968620410828","12","3.87096774193548","2020-10-09"
"25","Wolfenbüttel","Niedersachsen","242","0.202303924027353","202.303924027353","14","5.78512396694215","2020-10-09"
"26","Göttingen","Niedersachsen","1479","0.453623930732638","453.623930732638","81","5.47667342799189","2020-10-09"
"27","Region Hannover","Niedersachsen","4643","0.401256573460719","401.256573460719","133","2.86452724531553","2020-10-09"
"28","Diepholz","Niedersachsen","684","0.315078147672153","315.078147672153","27","3.94736842105263","2020-10-09"
"29","Hameln-Pyrmont","Niedersachsen","245","0.164928744050785","164.928744050785","7","2.85714285714286","2020-10-09"
"30","Hildesheim","Niedersachsen","615","0.222973928365547","222.973928365547","10","1.6260162601626","2020-10-09"
"31","Holzminden","Niedersachsen","138","0.19586136421698","195.86136421698","7","5.07246376811594","2020-10-09"
"32","Nienburg (Weser)","Niedersachsen","134","0.110388005601779","110.388005601779","4","2.98507462686567","2020-10-09"
"33","Schaumburg","Niedersachsen","324","0.205297173995691","205.297173995691","7","2.16049382716049","2020-10-09"
"34","Celle","Niedersachsen","332","0.185463463139137","185.463463139137","15","4.51807228915663","2020-10-09"
"35","Cuxhaven","Niedersachsen","440","0.222179581696442","222.179581696442","21","4.77272727272727","2020-10-09"
"36","Harburg","Niedersachsen","890","0.34980014227826","349.80014227826","17","1.91011235955056","2020-10-09"
"37","Lüchow-Dannenberg","Niedersachsen","47","0.0970833677600595","97.0833677600595","3","6.38297872340426","2020-10-09"
"38","Lüneburg","Niedersachsen","263","0.14282688621096","142.82688621096","0","0.0","2020-10-09"
"39","Osterholz","Niedersachsen","196","0.172038480443789","172.038480443789","0","0.0","2020-10-09"
"40","Rotenburg (Wümme)","Niedersachsen","334","0.203929613754869","203.929613754869","3","0.898203592814371","2020-10-09"
"41","Heidekreis","Niedersachsen","131","0.0931237693089648","93.1237693089648","2","1.52671755725191","2020-10-09"
"42","Stade","Niedersachsen","385","0.188253012048193","188.253012048193","9","2.33766233766234","2020-10-09"
"43","Uelzen","Niedersachsen","100","0.108237993700549","108.237993700549","0","0.0","2020-10-09"
"44","Verden","Niedersachsen","394","0.287312317239468","287.312317239468","8","2.03045685279188","2020-10-09"
"45","Delmenhorst","Niedersachsen","225","0.290101729006305","290.101729006305","4","1.77777777777778","2020-10-09"
"46","Emden","Niedersachsen","48","0.0961673311562118","96.1673311562118","0","0.0","2020-10-09"
"47","Oldenburg (Oldb)","Niedersachsen","322","0.190445773227583","190.445773227583","3","0.93167701863354","2020-10-09"
"48","Osnabrück","Niedersachsen","798","0.482901767614114","482.901767614114","18","2.25563909774436","2020-10-09"
"49","Wilhelmshaven","Niedersachsen","67","0.088054777957392","88.054777957392","1","1.49253731343284","2020-10-09"
"50","Ammerland","Niedersachsen","236","0.18901320689738","189.01320689738","5","2.11864406779661","2020-10-09"
"51","Aurich","Niedersachsen","246","0.129682541356079","129.682541356079","8","3.2520325203252","2020-10-09"
"52","Cloppenburg","Niedersachsen","811","0.475152623006527","475.152623006527","1","0.123304562268804","2020-10-09"
"53","Emsland","Niedersachsen","943","0.288419777705732","288.419777705732","25","2.65111346765642","2020-10-09"
"54","Friesland","Niedersachsen","118","0.119549359701734","119.549359701734","2","1.69491525423729","2020-10-09"
"55","Grafschaft Bentheim","Niedersachsen","359","0.261734299587349","261.734299587349","18","5.01392757660167","2020-10-09"
"56","Leer","Niedersachsen","271","0.158705989833447","158.705989833447","6","2.2140221402214","2020-10-09"
"57","Oldenburg","Niedersachsen","555","0.424020169608068","424.020169608068","14","2.52252252252252","2020-10-09"
"58","Osnabrück","Niedersachsen","1553","0.433701966041108","433.701966041108","67","4.31423052157115","2020-10-09"
"59","Vechta","Niedersachsen","763","0.534261346926772","534.261346926772","14","1.8348623853211","2020-10-09"
"60","Wesermarsch","Niedersachsen","225","0.253999074314485","253.999074314485","8","3.55555555555556","2020-10-09"
"61","Wittmund","Niedersachsen","81","0.142289990514001","142.289990514001","0","0.0","2020-10-09"
"62","Bremen","Bremen","2596","0.457397380712842","457.397380712842","54","2.08012326656394","2020-10-09"
"63","Bremerhaven","Bremen","284","0.249905405524317","249.905405524317","6","2.11267605633803","2020-10-09"
"64","Düsseldorf","Nordrhein-Westfalen","3406","0.547696731025589","547.696731025589","51","1.49735760422783","2020-10-09"
"65","Duisburg","Nordrhein-Westfalen","3129","0.627448935803291","627.448935803291","74","2.36497283477149","2020-10-09"
"66","Essen","Nordrhein-Westfalen","2402","0.412176539227126","412.176539227126","49","2.03996669442132","2020-10-09"
"67","Krefeld","Nordrhein-Westfalen","1067","0.469182163162824","469.182163162824","28","2.62417994376757","2020-10-09"
"68","Mönchengladbach","Nordrhein-Westfalen","1142","0.437490901568378","437.490901568378","51","4.46584938704028","2020-10-09"
"69","Mülheim an der Ruhr","Nordrhein-Westfalen","666","0.390313657461672","390.313657461672","14","2.1021021021021","2020-10-09"
"70","Oberhausen","Nordrhein-Westfalen","657","0.311723064659999","311.723064659999","14","2.13089802130898","2020-10-09"
"71","Remscheid","Nordrhein-Westfalen","604","0.542492230864575","542.492230864575","19","3.14569536423841","2020-10-09"
"72","Solingen","Nordrhein-Westfalen","735","0.461552952996954","461.552952996954","13","1.7687074829932","2020-10-09"
"73","Wuppertal","Nordrhein-Westfalen","1949","0.548859476203886","548.859476203886","88","4.51513596716265","2020-10-09"
"74","Kleve","Nordrhein-Westfalen","1215","0.388843550477653","388.843550477653","37","3.04526748971193","2020-10-09"
"75","Mettmann","Nordrhein-Westfalen","2182","0.44936878307968","449.36878307968","87","3.987167736022","2020-10-09"
"76","Rhein-Kreis Neuss","Nordrhein-Westfalen","1510","0.334270471299227","334.270471299227","25","1.65562913907285","2020-10-09"
"77","Viersen","Nordrhein-Westfalen","1091","0.365050206951011","365.050206951011","37","3.39138405132906","2020-10-09"
"78","Wesel","Nordrhein-Westfalen","1505","0.32719098387742","327.19098387742","32","2.12624584717608","2020-10-09"
"79","Bonn","Nordrhein-Westfalen","1385","0.42011326374923","420.11326374923","9","0.649819494584838","2020-10-09"
"80","Köln","Nordrhein-Westfalen","5726","0.52635304261658","526.35304261658","126","2.20048899755501","2020-10-09"
"81","Leverkusen","Nordrhein-Westfalen","660","0.403105131039706","403.105131039706","9","1.36363636363636","2020-10-09"
"82","Städteregion Aachen","Nordrhein-Westfalen","2994","0.537497352008703","537.497352008703","108","3.60721442885772","2020-10-09"
"83","Düren","Nordrhein-Westfalen","1088","0.411127653624952","411.127653624952","42","3.86029411764706","2020-10-09"
"84","Rhein-Erft-Kreis","Nordrhein-Westfalen","1929","0.409889187552458","409.889187552458","79","4.09538621047175","2020-10-09"
"85","Euskirchen","Nordrhein-Westfalen","801","0.413620027264841","413.620027264841","27","3.37078651685393","2020-10-09"
"86","Heinsberg","Nordrhein-Westfalen","2214","0.86634970945589","866.34970945589","95","4.29087624209575","2020-10-09"
"87","Oberbergischer Kreis","Nordrhein-Westfalen","966","0.355072650216682","355.072650216683","19","1.96687370600414","2020-10-09"
"88","Rheinisch-Bergischer Kreis","Nordrhein-Westfalen","857","0.302537146407504","302.537146407504","22","2.56709451575263","2020-10-09"
"89","Rhein-Sieg-Kreis","Nordrhein-Westfalen","2310","0.384510390103268","384.510390103268","54","2.33766233766234","2020-10-09"
"90","Bottrop","Nordrhein-Westfalen","395","0.335984349083486","335.984349083486","7","1.77215189873418","2020-10-09"
"91","Gelsenkirchen","Nordrhein-Westfalen","1324","0.50992701573302","509.92701573302","19","1.43504531722054","2020-10-09"
"92","Münster","Nordrhein-Westfalen","1166","0.369814743746293","369.814743746293","13","1.11492281303602","2020-10-09"
"93","Borken","Nordrhein-Westfalen","1471","0.396133990773929","396.133990773929","38","2.58327668252889","2020-10-09"
"94","Coesfeld","Nordrhein-Westfalen","1041","0.471924782171126","471.924782171126","25","2.40153698366955","2020-10-09"
"95","Recklinghausen","Nordrhein-Westfalen","2464","0.401213410037174","401.213410037174","47","1.90746753246753","2020-10-09"
"96","Steinfurt","Nordrhein-Westfalen","1925","0.42947659631431","429.47659631431","93","4.83116883116883","2020-10-09"
"97","Warendorf","Nordrhein-Westfalen","1150","0.413907284768212","413.907284768212","21","1.82608695652174","2020-10-09"
"98","Bielefeld","Nordrhein-Westfalen","1013","0.30311644399228","303.11644399228","9","0.888450148075025","2020-10-09"
"99","Gütersloh","Nordrhein-Westfalen","3109","0.851925532556215","851.925532556215","21","0.675458346735285","2020-10-09"
"100","Herford","Nordrhein-Westfalen","700","0.27935413324394","279.35413324394","8","1.14285714285714","2020-10-09"
"101","Höxter","Nordrhein-Westfalen","452","0.322279342036777","322.279342036777","19","4.20353982300885","2020-10-09"
"102","Lippe","Nordrhein-Westfalen","1042","0.299844035060458","299.844035060458","31","2.97504798464491","2020-10-09"
"103","Minden-Lübbecke","Nordrhein-Westfalen","977","0.314746028626747","314.746028626747","15","1.5353121801433","2020-10-09"
"104","Paderborn","Nordrhein-Westfalen","927","0.301131435588083","301.131435588083","34","3.66774541531823","2020-10-09"
"105","Bochum","Nordrhein-Westfalen","1469","0.401819539535049","401.819539535049","28","1.90605854322668","2020-10-09"
"106","Dortmund","Nordrhein-Westfalen","2264","0.384870378240544","384.870378240544","21","0.92756183745583","2020-10-09"
"107","Hagen","Nordrhein-Westfalen","899","0.476452942984641","476.452942984641","14","1.55728587319244","2020-10-09"
"108","Hamm","Nordrhein-Westfalen","1247","0.693101225016119","693.101225016119","38","3.04731355252606","2020-10-09"
"109","Herne","Nordrhein-Westfalen","654","0.418027600048578","418.027600048578","8","1.22324159021407","2020-10-09"
"110","Ennepe-Ruhr-Kreis","Nordrhein-Westfalen","950","0.293113981228364","293.113981228364","15","1.57894736842105","2020-10-09"
"111","Hochsauerlandkreis","Nordrhein-Westfalen","922","0.354919796594772","354.919796594772","19","2.06073752711497","2020-10-09"
"112","Märkischer Kreis","Nordrhein-Westfalen","1227","0.299106337544062","299.106337544061","32","2.6079869600652","2020-10-09"
"113","Olpe","Nordrhein-Westfalen","836","0.624090179537904","624.090179537905","57","6.81818181818182","2020-10-09"
"114","Siegen-Wittgenstein","Nordrhein-Westfalen","801","0.289228147206656","289.228147206655","8","0.998751560549313","2020-10-09"
"115","Soest","Nordrhein-Westfalen","640","0.212071507861557","212.071507861557","9","1.40625","2020-10-09"
"116","Unna","Nordrhein-Westfalen","1541","0.390234267177525","390.234267177525","42","2.7255029201817","2020-10-09"
"117","Darmstadt","Hessen","492","0.307734647668848","307.734647668848","18","3.65853658536585","2020-10-09"
"118","Frankfurt am Main","Hessen","4011","0.52542639314627","525.426393146271","72","1.79506357516829","2020-10-09"
"119","Offenbach am Main","Hessen","681","0.52272029474977","522.72029474977","10","1.46842878120411","2020-10-09"
"120","Wiesbaden","Hessen","1184","0.425174343026638","425.174343026638","22","1.85810810810811","2020-10-09"
"121","Bergstraße","Hessen","695","0.257083672412518","257.083672412518","3","0.431654676258993","2020-10-09"
"122","Darmstadt-Dieburg","Hessen","788","0.264568028901035","264.568028901035","21","2.66497461928934","2020-10-09"
"123","Groß-Gerau","Hessen","1253","0.454436650878046","454.436650878046","17","1.35674381484437","2020-10-09"
"124","Hochtaunuskreis","Hessen","582","0.245658762251281","245.658762251281","6","1.03092783505155","2020-10-09"
"125","Main-Kinzig-Kreis","Hessen","1509","0.358814130000571","358.814130000571","54","3.57852882703777","2020-10-09"
"126","Main-Taunus-Kreis","Hessen","835","0.350019701707761","350.019701707761","17","2.03592814371257","2020-10-09"
"127","Odenwaldkreis","Hessen","500","0.517047040939785","517.047040939785","63","12.6","2020-10-09"
"128","Offenbach","Hessen","1419","0.398804990261739","398.804990261739","46","3.24171952078929","2020-10-09"
"129","Rheingau-Taunus-Kreis","Hessen","557","0.297606326138064","297.606326138064","8","1.43626570915619","2020-10-09"
"130","Wetteraukreis","Hessen","674","0.218590577254256","218.590577254256","13","1.92878338278932","2020-10-09"
"131","Gießen","Hessen","549","0.202816526776215","202.816526776215","6","1.09289617486339","2020-10-09"
"132","Lahn-Dill-Kreis","Hessen","591","0.233302673703907","233.302673703907","23","3.8917089678511","2020-10-09"
"133","Limburg-Weilburg","Hessen","517","0.300735259900414","300.735259900414","7","1.35396518375242","2020-10-09"
"134","Marburg-Biedenkopf","Hessen","555","0.224619967298571","224.619967298571","4","0.720720720720721","2020-10-09"
"135","Vogelsbergkreis","Hessen","194","0.18363734464186","183.63734464186","6","3.09278350515464","2020-10-09"
"136","Kassel","Hessen","624","0.308701524213776","308.701524213776","9","1.44230769230769","2020-10-09"
"137","Fulda","Hessen","643","0.288153442828654","288.153442828654","17","2.64385692068429","2020-10-09"
"138","Hersfeld-Rotenburg","Hessen","383","0.317265716250135","317.265716250135","23","6.00522193211488","2020-10-09"
"139","Kassel","Hessen","589","0.248770928012705","248.770928012705","32","5.43293718166384","2020-10-09"
"140","Schwalm-Eder-Kreis","Hessen","698","0.388483522844278","388.483522844278","39","5.58739255014327","2020-10-09"
"141","Waldeck-Frankenberg","Hessen","279","0.178381903507538","178.381903507538","5","1.7921146953405","2020-10-09"
"142","Werra-Meißner-Kreis","Hessen","290","0.28818730187123","288.18730187123","16","5.51724137931035","2020-10-09"
"143","Koblenz","Rheinland-Pfalz","368","0.322659839371515","322.659839371515","20","5.43478260869565","2020-10-09"
"144","Ahrweiler","Rheinland-Pfalz","383","0.294420614055317","294.420614055317","3","0.783289817232376","2020-10-09"
"145","Altenkirchen (Westerwald)","Rheinland-Pfalz","272","0.211171926555646","211.171926555646","12","4.41176470588235","2020-10-09"
"146","Bad Kreuznach","Rheinland-Pfalz","375","0.236824655025419","236.824655025419","7","1.86666666666667","2020-10-09"
"147","Birkenfeld","Rheinland-Pfalz","127","0.156885029215204","156.885029215204","3","2.36220472440945","2020-10-09"
"148","Cochem-Zell","Rheinland-Pfalz","174","0.283503054989817","283.503054989817","1","0.574712643678161","2020-10-09"
"149","Mayen-Koblenz","Rheinland-Pfalz","522","0.243431545370604","243.431545370604","17","3.25670498084291","2020-10-09"
"150","Neuwied","Rheinland-Pfalz","532","0.291010934790576","291.010934790576","5","0.93984962406015","2020-10-09"
"151","Rhein-Hunsrück-Kreis","Rheinland-Pfalz","233","0.225856169363047","225.856169363047","6","2.57510729613734","2020-10-09"
"152","Rhein-Lahn-Kreis","Rheinland-Pfalz","222","0.181525303155433","181.525303155433","6","2.7027027027027","2020-10-09"
"153","Westerwaldkreis","Rheinland-Pfalz","620","0.307076630477851","307.076630477851","22","3.54838709677419","2020-10-09"
"154","Trier","Rheinland-Pfalz","240","0.21519259737465","215.19259737465","1","0.416666666666667","2020-10-09"
"155","Bernkastel-Wittlich","Rheinland-Pfalz","289","0.256927713521154","256.927713521154","2","0.69204152249135","2020-10-09"
"156","Eifelkreis Bitburg-Prüm","Rheinland-Pfalz","327","0.330109632740415","330.109632740415","6","1.8348623853211","2020-10-09"
"157","Vulkaneifel","Rheinland-Pfalz","148","0.244039178181578","244.039178181578","5","3.37837837837838","2020-10-09"
"158","Trier-Saarburg","Rheinland-Pfalz","428","0.286483085449604","286.483085449604","11","2.57009345794393","2020-10-09"
"159","Frankenthal (Pfalz)","Rheinland-Pfalz","97","0.198925392723842","198.925392723842","2","2.06185567010309","2020-10-09"
"160","Kaiserslautern","Rheinland-Pfalz","323","0.322903129061282","322.903129061282","6","1.85758513931889","2020-10-09"
"161","Landau in der Pfalz","Rheinland-Pfalz","94","0.200507668351784","200.507668351784","2","2.12765957446809","2020-10-09"
"162","Ludwigshafen am Rhein","Rheinland-Pfalz","671","0.389543288070455","389.543288070454","2","0.29806259314456","2020-10-09"
"163","Mainz","Rheinland-Pfalz","1129","0.516520418340364","516.520418340364","28","2.4800708591674","2020-10-09"
"164","Neustadt an der Weinstraße","Rheinland-Pfalz","160","0.300390507659958","300.390507659958","2","1.25","2020-10-09"
"165","Pirmasens","Rheinland-Pfalz","53","0.13173920608486","131.73920608486","0","0.0","2020-10-09"
"166","Speyer","Rheinland-Pfalz","173","0.342160954095054","342.160954095054","1","0.578034682080925","2020-10-09"
"167","Worms","Rheinland-Pfalz","341","0.408177922482105","408.177922482105","8","2.34604105571848","2020-10-09"
"168","Zweibrücken","Rheinland-Pfalz","66","0.193021963559793","193.021963559793","1","1.51515151515152","2020-10-09"
"169","Alzey-Worms","Rheinland-Pfalz","412","0.317687971809048","317.687971809048","11","2.66990291262136","2020-10-09"
"170","Bad Dürkheim","Rheinland-Pfalz","399","0.300743945549517","300.743945549517","12","3.00751879699248","2020-10-09"
"171","Donnersbergkreis","Rheinland-Pfalz","184","0.244274809160305","244.274809160305","9","4.89130434782609","2020-10-09"
"172","Germersheim","Rheinland-Pfalz","402","0.311596505778487","311.596505778487","6","1.49253731343284","2020-10-09"
"173","Kaiserslautern","Rheinland-Pfalz","244","0.230234291699299","230.234291699299","1","0.409836065573771","2020-10-09"
"174","Kusel","Rheinland-Pfalz","139","0.197952121220752","197.952121220752","1","0.719424460431655","2020-10-09"
"175","Südliche Weinstraße","Rheinland-Pfalz","197","0.178246668054035","178.246668054035","4","2.03045685279188","2020-10-09"
"176","Rhein-Pfalz-Kreis","Rheinland-Pfalz","436","0.282001694597339","282.001694597339","5","1.14678899082569","2020-10-09"
"177","Mainz-Bingen","Rheinland-Pfalz","673","0.318328232828959","318.328232828959","25","3.7147102526003","2020-10-09"
"178","Südwestpfalz","Rheinland-Pfalz","149","0.157121616349084","157.121616349084","3","2.01342281879195","2020-10-09"
"179","Stuttgart","Baden-Württemberg","3154","0.495981355881562","495.981355881562","65","2.06087507926443","2020-10-09"
"180","Böblingen","Baden-Württemberg","2261","0.575600740312673","575.600740312673","49","2.1671826625387","2020-10-09"
"181","Esslingen","Baden-Württemberg","3067","0.573245312359819","573.245312359819","121","3.94522334528856","2020-10-09"
"182","Göppingen","Baden-Württemberg","1268","0.491196807995506","491.196807995506","40","3.15457413249211","2020-10-09"
"183","Ludwigsburg","Baden-Württemberg","2904","0.532430792247485","532.430792247485","74","2.54820936639118","2020-10-09"
"184","Rems-Murr-Kreis","Baden-Württemberg","2428","0.56828820731753","568.28820731753","99","4.07742998352554","2020-10-09"
"185","Heilbronn","Baden-Württemberg","780","0.616152679474216","616.152679474216","17","2.17948717948718","2020-10-09"
"186","Heilbronn","Baden-Württemberg","1436","0.416889239844857","416.889239844857","44","3.06406685236769","2020-10-09"
"187","Hohenlohekreis","Baden-Württemberg","881","0.782033642536949","782.033642536949","47","5.33484676503973","2020-10-09"
"188","Schwäbisch Hall","Baden-Württemberg","1195","0.60733580333501","607.335803335011","60","5.02092050209205","2020-10-09"
"189","Main-Tauber-Kreis","Baden-Württemberg","581","0.438825066654582","438.825066654582","11","1.89328743545611","2020-10-09"
"190","Heidenheim","Baden-Württemberg","638","0.480504906723303","480.504906723303","41","6.42633228840125","2020-10-09"
"191","Ostalbkreis","Baden-Württemberg","1928","0.613963856380861","613.963856380861","44","2.28215767634855","2020-10-09"
"192","Baden-Baden","Baden-Württemberg","236","0.427652441786717","427.652441786717","19","8.05084745762712","2020-10-09"
"193","Karlsruhe","Baden-Württemberg","743","0.238095238095238","238.095238095238","14","1.8842530282638","2020-10-09"
"194","Karlsruhe","Baden-Württemberg","1532","0.34419154304304","344.19154304304","82","5.35248041775457","2020-10-09"
"195","Rastatt","Baden-Württemberg","769","0.332296257886095","332.296257886095","19","2.47074122236671","2020-10-09"
"196","Heidelberg","Baden-Württemberg","562","0.348019939932501","348.019939932501","7","1.24555160142349","2020-10-09"
"197","Mannheim","Baden-Württemberg","1248","0.401727945200188","401.727945200188","13","1.04166666666667","2020-10-09"
"198","Neckar-Odenwald-Kreis","Baden-Württemberg","566","0.394059860895477","394.059860895477","23","4.06360424028269","2020-10-09"
"199","Rhein-Neckar-Kreis","Baden-Württemberg","1744","0.318042144231383","318.042144231383","40","2.29357798165138","2020-10-09"
"200","Pforzheim","Baden-Württemberg","654","0.519224814817755","519.224814817755","9","1.37614678899083","2020-10-09"
"201","Calw","Baden-Württemberg","968","0.60803638168102","608.03638168102","27","2.78925619834711","2020-10-09"
"202","Enzkreis","Baden-Württemberg","936","0.469041271623003","469.041271623003","27","2.88461538461538","2020-10-09"
"203","Freudenstadt","Baden-Württemberg","669","0.565784021041415","565.784021041415","39","5.82959641255605","2020-10-09"
"204","Freiburg im Breisgau","Baden-Württemberg","1321","0.571379138822206","571.379138822206","80","6.0560181680545","2020-10-09"
"205","Breisgau-Hochschwarzwald","Baden-Württemberg","1560","0.591803521230951","591.803521230951","72","4.61538461538462","2020-10-09"
"206","Emmendingen","Baden-Württemberg","734","0.441084563242152","441.084563242152","44","5.99455040871935","2020-10-09"
"207","Ortenaukreis","Baden-Württemberg","1747","0.405380633154892","405.380633154892","125","7.15512306811677","2020-10-09"
"208","Rottweil","Baden-Württemberg","786","0.561918243040364","561.918243040364","26","3.30788804071247","2020-10-09"
"209","Schwarzwald-Baar-Kreis","Baden-Württemberg","725","0.341166837642231","341.166837642231","35","4.82758620689655","2020-10-09"
"210","Tuttlingen","Baden-Württemberg","654","0.464600826904224","464.600826904224","25","3.82262996941896","2020-10-09"
"211","Konstanz","Baden-Württemberg","811","0.283264350954402","283.264350954402","17","2.09617755856967","2020-10-09"
"212","Lörrach","Baden-Württemberg","921","0.402647593732513","402.647593732513","65","7.05754614549403","2020-10-09"
"213","Waldshut","Baden-Württemberg","458","0.267831558510669","267.831558510669","35","7.64192139737991","2020-10-09"
"214","Reutlingen","Baden-Württemberg","2011","0.700613864559599","700.613864559599","82","4.07757334659373","2020-10-09"
"215","Tübingen","Baden-Württemberg","1601","0.700111073212115","700.111073212115","60","3.74765771392879","2020-10-09"
"216","Zollernalbkreis","Baden-Württemberg","1435","0.757803794827923","757.803794827923","78","5.43554006968641","2020-10-09"
"217","Ulm","Baden-Württemberg","631","0.497673318085023","497.673318085022","10","1.58478605388273","2020-10-09"
"218","Alb-Donau-Kreis","Baden-Württemberg","957","0.485599464166109","485.599464166109","26","2.71682340647858","2020-10-09"
"219","Biberach","Baden-Württemberg","900","0.447133871881241","447.133871881241","36","4.0","2020-10-09"
"220","Bodenseekreis","Baden-Württemberg","570","0.262105117947303","262.105117947303","8","1.40350877192982","2020-10-09"
"221","Ravensburg","Baden-Württemberg","932","0.326531756264365","326.531756264365","7","0.751072961373391","2020-10-09"
"222","Sigmaringen","Baden-Württemberg","912","0.696986602878127","696.986602878127","36","3.94736842105263","2020-10-09"
"223","Ingolstadt","Bayern","843","0.613572842669151","613.572842669151","39","4.62633451957295","2020-10-09"
"224","München","Bayern","12283","0.827569386333348","827.569386333348","229","1.86436538304974","2020-10-09"
"225","Rosenheim","Bayern","768","1.20847823008293","1208.47823008293","23","2.99479166666667","2020-10-09"
"226","Altötting","Bayern","757","0.678826356755981","678.826356755981","57","7.52972258916777","2020-10-09"
"227","Berchtesgadener Land","Bayern","469","0.442749388741516","442.749388741516","25","5.33049040511727","2020-10-09"
"228","Bad Tölz-Wolfratshausen","Bayern","659","0.515177810611568","515.177810611568","10","1.51745068285281","2020-10-09"
"229","Dachau","Bayern","1289","0.832155146256593","832.155146256593","35","2.71528316524438","2020-10-09"
"230","Ebersberg","Bayern","821","0.571531998134341","571.531998134341","6","0.730816077953715","2020-10-09"
"231","Eichstätt","Bayern","437","0.328865676808573","328.865676808573","20","4.5766590389016","2020-10-09"
"232","Erding","Bayern","883","0.639012317089056","639.012317089056","11","1.24575311438279","2020-10-09"
"233","Freising","Bayern","1369","0.76052597954524","760.52597954524","47","3.43316289262235","2020-10-09"
"234","Fürstenfeldbruck","Bayern","1440","0.656601812038612","656.601812038612","36","2.5","2020-10-09"
"235","Garmisch-Partenkirchen","Bayern","439","0.496471546186556","496.471546186556","20","4.55580865603645","2020-10-09"
"236","Landsberg am Lech","Bayern","498","0.413958205183621","413.958205183621","10","2.00803212851406","2020-10-09"
"237","Miesbach","Bayern","784","0.783921607839216","783.921607839216","11","1.4030612244898","2020-10-09"
"238","Mühldorf a. Inn","Bayern","674","0.581676332504833","581.676332504833","27","4.00593471810089","2020-10-09"
"239","München","Bayern","2198","0.627152448262776","627.152448262776","96","4.36760691537762","2020-10-09"
"240","Neuburg-Schrobenhausen","Bayern","447","0.459389741323495","459.389741323495","18","4.02684563758389","2020-10-09"
"241","Pfaffenhofen a.d. Ilm","Bayern","534","0.41644895380848","416.44895380848","21","3.93258426966292","2020-10-09"
"242","Rosenheim","Bayern","2696","1.03164581180882","1031.64581180882","199","7.3813056379822","2020-10-09"
"243","Starnberg","Bayern","805","0.589022953602552","589.022953602552","13","1.61490683229814","2020-10-09"
"244","Traunstein","Bayern","1495","0.843113259154405","843.113259154405","88","5.88628762541806","2020-10-09"
"245","Weilheim-Schongau","Bayern","492","0.363158594015264","363.158594015265","3","0.609756097560976","2020-10-09"
"246","Landshut","Bayern","470","0.640231028047568","640.231028047568","9","1.91489361702128","2020-10-09"
"247","Passau","Bayern","230","0.435581311667898","435.581311667898","18","7.82608695652174","2020-10-09"
"248","Straubing","Bayern","505","1.05668431294595","1056.68431294595","48","9.5049504950495","2020-10-09"
"249","Deggendorf","Bayern","501","0.419324059659519","419.324059659519","19","3.79241516966068","2020-10-09"
"250","Freyung-Grafenau","Bayern","257","0.327965085117787","327.965085117787","12","4.66926070038911","2020-10-09"
"251","Kelheim","Bayern","685","0.556648084643014","556.648084643014","35","5.10948905109489","2020-10-09"
"252","Landshut","Bayern","873","0.545983301541637","545.983301541637","34","3.89461626575029","2020-10-09"
"253","Passau","Bayern","849","0.440681837056723","440.681837056723","31","3.65135453474676","2020-10-09"
"254","Regen","Bayern","251","0.324247513241183","324.247513241183","12","4.7808764940239","2020-10-09"
"255","Rottal-Inn","Bayern","930","0.765419499267502","765.419499267502","51","5.48387096774194","2020-10-09"
"256","Straubing-Bogen","Bayern","639","0.63192246835443","631.92246835443","29","4.53834115805947","2020-10-09"
"257","Dingolfing-Landau","Bayern","1009","1.04361676820123","1043.61676820123","10","0.991080277502478","2020-10-09"
"258","Amberg","Bayern","147","0.348283460089559","348.283460089559","4","2.72108843537415","2020-10-09"
"259","Regensburg","Bayern","967","0.63163807856611","631.63807856611","10","1.03412616339193","2020-10-09"
"260","Weiden i.d. OPf.","Bayern","409","0.956881828603514","956.881828603514","20","4.88997555012225","2020-10-09"
"261","Amberg-Sulzbach","Bayern","558","0.541489970790595","541.489970790595","54","9.67741935483871","2020-10-09"
"262","Cham","Bayern","542","0.423444116314317","423.444116314317","21","3.87453874538745","2020-10-09"
"263","Neumarkt i.d. OPf.","Bayern","580","0.430992844032607","430.992844032607","17","2.93103448275862","2020-10-09"
"264","Neustadt a.d. Waldnaab","Bayern","939","0.994176813128639","994.17681312864","73","7.77422790202343","2020-10-09"
"265","Regensburg","Bayern","780","0.401916834132014","401.916834132014","16","2.05128205128205","2020-10-09"
"266","Schwandorf","Bayern","615","0.415900238043714","415.900238043714","20","3.2520325203252","2020-10-09"
"267","Tirschenreuth","Bayern","1242","1.7238986203259","1723.8986203259","140","11.2721417069243","2020-10-09"
"268","Bamberg","Bayern","276","0.356713582257377","356.713582257377","22","7.97101449275362","2020-10-09"
"269","Bayreuth","Bayern","288","0.385114263936991","385.114263936991","11","3.81944444444444","2020-10-09"
"270","Coburg","Bayern","149","0.362777561355668","362.777561355668","4","2.68456375838926","2020-10-09"
"271","Hof","Bayern","192","0.4189852700491","418.9852700491","5","2.60416666666667","2020-10-09"
"272","Bamberg","Bayern","540","0.366940059661736","366.940059661736","38","7.03703703703704","2020-10-09"
"273","Bayreuth","Bayern","462","0.445670628183362","445.670628183362","28","6.06060606060606","2020-10-09"
"274","Coburg","Bayern","450","0.518749927951399","518.749927951399","30","6.66666666666667","2020-10-09"
"275","Forchheim","Bayern","311","0.267635086873833","267.635086873833","4","1.28617363344051","2020-10-09"
"276","Hof","Bayern","554","0.584382021286695","584.382021286695","32","5.77617328519856","2020-10-09"
"277","Kronach","Bayern","196","0.293663755000524","293.663755000524","3","1.53061224489796","2020-10-09"
"278","Kulmbach","Bayern","322","0.449934326356091","449.934326356091","11","3.41614906832298","2020-10-09"
"279","Lichtenfels","Bayern","388","0.581047082784234","581.047082784234","17","4.38144329896907","2020-10-09"
"280","Wunsiedel i. Fichtelgebirge","Bayern","785","1.08044869589154","1080.44869589154","43","5.47770700636943","2020-10-09"
"281","Ansbach","Bayern","199","0.476099334896406","476.099334896407","8","4.02010050251256","2020-10-09"
"282","Erlangen","Bayern","406","0.360799090004266","360.799090004266","12","2.95566502463054","2020-10-09"
"283","Fürth","Bayern","633","0.492618504712172","492.618504712172","38","6.00315955766193","2020-10-09"
"284","Nürnberg","Bayern","2256","0.435210370970542","435.210370970542","53","2.34929078014184","2020-10-09"
"285","Schwabach","Bayern","130","0.317220175203143","317.220175203143","2","1.53846153846154","2020-10-09"
"286","Ansbach","Bayern","722","0.391134995747355","391.134995747355","28","3.8781163434903","2020-10-09"
"287","Erlangen-Höchstadt","Bayern","404","0.294327636199385","294.327636199385","11","2.72277227722772","2020-10-09"
"288","Fürth","Bayern","618","0.524382069187887","524.382069187887","58","9.38511326860841","2020-10-09"
"289","Nürnberger Land","Bayern","802","0.469577029369057","469.577029369057","44","5.48628428927681","2020-10-09"
"290","Neustadt a.d. Aisch-Bad Windsheim","Bayern","302","0.298968459817451","298.968459817451","6","1.98675496688742","2020-10-09"
"291","Roth","Bayern","373","0.294282400650104","294.282400650104","7","1.87667560321716","2020-10-09"
"292","Weißenburg-Gunzenhausen","Bayern","460","0.485570122659235","485.570122659235","25","5.43478260869565","2020-10-09"
"293","Aschaffenburg","Bayern","198","0.278865384073688","278.865384073688","1","0.505050505050505","2020-10-09"
"294","Schweinfurt","Bayern","273","0.51098715980983","510.98715980983","18","6.59340659340659","2020-10-09"
"295","Würzburg","Bayern","841","0.657370206512733","657.370206512733","52","6.18311533888228","2020-10-09"
"296","Aschaffenburg","Bayern","729","0.418484500574053","418.484500574053","42","5.76131687242798","2020-10-09"
"297","Bad Kissingen","Bayern","296","0.28672446360246","286.72446360246","18","6.08108108108108","2020-10-09"
"298","Rhön-Grabfeld","Bayern","310","0.38927607207886","389.27607207886","8","2.58064516129032","2020-10-09"
"299","Haßberge","Bayern","245","0.290339400834281","290.339400834281","6","2.44897959183673","2020-10-09"
"300","Kitzingen","Bayern","300","0.329109758104328","329.109758104328","4","1.33333333333333","2020-10-09"
"301","Miltenberg","Bayern","465","0.361184685769323","361.184685769323","6","1.29032258064516","2020-10-09"
"302","Main-Spessart","Bayern","255","0.202127490924079","202.127490924079","6","2.35294117647059","2020-10-09"
"303","Schweinfurt","Bayern","714","0.618476330720256","618.476330720256","25","3.50140056022409","2020-10-09"
"304","Würzburg","Bayern","683","0.420820445835541","420.820445835541","7","1.02489019033675","2020-10-09"
"305","Augsburg","Bayern","1151","0.388088285870349","388.08828587035","16","1.39009556907037","2020-10-09"
"306","Kaufbeuren","Bayern","207","0.466237217892698","466.237217892698","9","4.34782608695652","2020-10-09"
"307","Kempten (Allgäu)","Bayern","195","0.281991583635812","281.991583635811","10","5.12820512820513","2020-10-09"
"308","Memmingen","Bayern","160","0.36281179138322","362.81179138322","1","0.625","2020-10-09"
"309","Aichach-Friedberg","Bayern","530","0.393598455311723","393.598455311723","20","3.77358490566038","2020-10-09"
"310","Augsburg","Bayern","818","0.322723183991668","322.723183991668","11","1.34474327628362","2020-10-09"
"311","Dillingen a.d. Donau","Bayern","389","0.402849982394731","402.849982394731","29","7.45501285347044","2020-10-09"
"312","Günzburg","Bayern","449","0.353468160312375","353.468160312375","4","0.89086859688196","2020-10-09"
"313","Neu-Ulm","Bayern","869","0.495993242163421","495.993242163421","26","2.99194476409666","2020-10-09"
"314","Lindau (Bodensee)","Bayern","332","0.404971883729157","404.971883729157","8","2.40963855421687","2020-10-09"
"315","Ostallgäu","Bayern","725","0.513521553739145","513.521553739145","40","5.51724137931035","2020-10-09"
"316","Unterallgäu","Bayern","527","0.362595551152118","362.595551152118","17","3.2258064516129","2020-10-09"
"317","Donau-Ries","Bayern","520","0.388689145855602","388.689145855602","26","5.0","2020-10-09"
"318","Oberallgäu","Bayern","302","0.193579816419671","193.579816419671","7","2.31788079470199","2020-10-09"
"319","Regionalverband Saarbrücken","Saarland","1422","0.432594900125945","432.594900125945","114","8.0168776371308","2020-10-09"
"320","Merzig-Wadern","Saarland","315","0.30510543087667","305.10543087667","3","0.952380952380952","2020-10-09"
"321","Neunkirchen","Saarland","367","0.279282844271277","279.282844271277","12","3.26975476839237","2020-10-09"
"322","Saarlouis","Saarland","748","0.384934051739665","384.934051739665","24","3.20855614973262","2020-10-09"
"323","Saarpfalz-Kreis","Saarland","479","0.33685898337506","336.85898337506","18","3.75782881002088","2020-10-09"
"324","St. Wendel","Saarland","220","0.252853218706541","252.853218706541","6","2.72727272727273","2020-10-09"
"326","Brandenburg an der Havel","Brandenburg","85","0.117754627064169","117.754627064169","1","1.17647058823529","2020-10-09"
"327","Cottbus","Brandenburg","67","0.0672164369269046","67.2164369269046","0","0.0","2020-10-09"
"328","Frankfurt (Oder)","Brandenburg","83","0.143720455057055","143.720455057055","0","0.0","2020-10-09"
"329","Potsdam","Brandenburg","758","0.420331163285903","420.331163285903","51","6.72823218997362","2020-10-09"
"330","Barnim","Brandenburg","508","0.274232903629807","274.232903629807","29","5.70866141732284","2020-10-09"
"331","Dahme-Spreewald","Brandenburg","349","0.204343320198371","204.343320198371","8","2.29226361031519","2020-10-09"
"332","Elbe-Elster","Brandenburg","114","0.111954589647147","111.954589647147","3","2.63157894736842","2020-10-09"
"333","Havelland","Brandenburg","282","0.173010380622837","173.010380622837","6","2.12765957446809","2020-10-09"
"334","Märkisch-Oderland","Brandenburg","307","0.156831893579088","156.831893579088","4","1.30293159609121","2020-10-09"
"335","Oberhavel","Brandenburg","428","0.201020130193411","201.020130193411","9","2.10280373831776","2020-10-09"
"336","Oberspreewald-Lausitz","Brandenburg","86","0.0786314470929223","78.6314470929223","2","2.32558139534884","2020-10-09"
"337","Oder-Spree","Brandenburg","236","0.131988836876339","131.988836876339","3","1.27118644067797","2020-10-09"
"338","Ostprignitz-Ruppin","Brandenburg","117","0.118347983532434","118.347983532434","0","0.0","2020-10-09"
"339","Potsdam-Mittelmark","Brandenburg","684","0.315839051374639","315.839051374639","38","5.55555555555556","2020-10-09"
"340","Prignitz","Brandenburg","53","0.06959216365976","69.59216365976","0","0.0","2020-10-09"
"341","Spree-Neiße","Brandenburg","95","0.0835385156524798","83.5385156524798","0","0.0","2020-10-09"
"342","Teltow-Fläming","Brandenburg","290","0.170591245727866","170.591245727866","13","4.48275862068965","2020-10-09"
"343","Uckermark","Brandenburg","61","0.051283344682926","51.283344682926","2","3.27868852459016","2020-10-09"
"344","Rostock","Mecklenburg-Vorpommern","212","0.101342791993919","101.342791993919","2","0.943396226415094","2020-10-09"
"345","Schwerin","Mecklenburg-Vorpommern","135","0.141135144741932","141.135144741932","0","0.0","2020-10-09"
"346","Mecklenburgische Seenplatte","Mecklenburg-Vorpommern","204","0.0790470950192581","79.047095019258","3","1.47058823529412","2020-10-09"
"347","Rostock","Mecklenburg-Vorpommern","109","0.0505111356200821","50.5111356200821","3","2.75229357798165","2020-10-09"
"348","Vorpommern-Rügen","Mecklenburg-Vorpommern","131","0.0582994365871243","58.2994365871243","2","1.52671755725191","2020-10-09"
"349","Nordwestmecklenburg","Mecklenburg-Vorpommern","150","0.0953458511841955","95.3458511841955","1","0.666666666666667","2020-10-09"
"350","Vorpommern-Greifswald","Mecklenburg-Vorpommern","224","0.0950671199331135","95.0671199331135","7","3.125","2020-10-09"
"351","Ludwigslust-Parchim","Mecklenburg-Vorpommern","179","0.0845220725378815","84.5220725378815","2","1.11731843575419","2020-10-09"
"352","Chemnitz","Sachsen","367","0.148984711814041","148.984711814041","6","1.63487738419619","2020-10-09"
"353","Erzgebirgskreis","Sachsen","932","0.278252146601861","278.252146601861","48","5.15021459227468","2020-10-09"
"354","Mittelsachsen","Sachsen","454","0.149293486660594","149.293486660594","9","1.98237885462555","2020-10-09"
"355","Vogtlandkreis","Sachsen","729","0.322570653592747","322.570653592747","28","3.84087791495199","2020-10-09"
"356","Zwickau","Sachsen","1078","0.342220049396512","342.220049396512","53","4.9165120593692","2020-10-09"
"357","Dresden","Sachsen","954","0.171342361435396","171.342361435396","12","1.25786163522013","2020-10-09"
"358","Bautzen","Sachsen","692","0.230852887996317","230.852887996317","24","3.46820809248555","2020-10-09"
"359","Görlitz","Sachsen","428","0.169354040953606","169.354040953606","25","5.8411214953271","2020-10-09"
"360","Meißen","Sachsen","316","0.130731392496184","130.731392496184","20","6.32911392405063","2020-10-09"
"361","Sächsische Schweiz-Osterzgebirge","Sachsen","503","0.204816235453161","204.816235453161","2","0.397614314115308","2020-10-09"
"362","Leipzig","Sachsen","984","0.165895354424298","165.895354424298","12","1.21951219512195","2020-10-09"
"363","Leipzig","Sachsen","267","0.103432646752331","103.432646752331","4","1.49812734082397","2020-10-09"
"364","Nordsachsen","Sachsen","283","0.14311650087741","143.11650087741","0","0.0","2020-10-09"
"365","Dessau-Roßlau","Sachsen-Anhalt","124","0.154800694106338","154.800694106338","3","2.41935483870968","2020-10-09"
"366","Halle (Saale)","Sachsen-Anhalt","525","0.219884236184988","219.884236184988","14","2.66666666666667","2020-10-09"
"367","Magdeburg","Sachsen-Anhalt","414","0.174268095047671","174.268095047671","5","1.20772946859903","2020-10-09"
"368","Altmarkkreis Salzwedel","Sachsen-Anhalt","59","0.0709364817909658","70.9364817909658","1","1.69491525423729","2020-10-09"
"369","Anhalt-Bitterfeld","Sachsen-Anhalt","115","0.0725616142750779","72.5616142750779","2","1.73913043478261","2020-10-09"
"370","Börde","Sachsen-Anhalt","213","0.124617517829666","124.617517829666","13","6.10328638497653","2020-10-09"
"371","Burgenlandkreis","Sachsen-Anhalt","228","0.127483980631381","127.483980631381","3","1.31578947368421","2020-10-09"
"372","Harz","Sachsen-Anhalt","297","0.139233978716422","139.233978716422","6","2.02020202020202","2020-10-09"
"373","Jerichower Land","Sachsen-Anhalt","74","0.08259942626885","82.59942626885","2","2.7027027027027","2020-10-09"
"374","Mansfeld-Südharz","Sachsen-Anhalt","89","0.0659542618310089","65.9542618310089","2","2.24719101123596","2020-10-09"
"375","Saalekreis","Sachsen-Anhalt","197","0.107172972825939","107.172972825939","7","3.55329949238579","2020-10-09"
"376","Salzlandkreis","Sachsen-Anhalt","126","0.0666226040978189","66.6226040978189","1","0.793650793650794","2020-10-09"
"377","Stendal","Sachsen-Anhalt","128","0.115118266031118","115.118266031118","6","4.6875","2020-10-09"
"378","Wittenberg","Sachsen-Anhalt","243","0.194473121893832","194.473121893832","3","1.23456790123457","2020-10-09"
"379","Erfurt","Thüringen","253","0.118234796547357","118.234796547357","2","0.790513833992095","2020-10-09"
"380","Gera","Thüringen","304","0.326442953020134","326.442953020134","22","7.23684210526316","2020-10-09"
"381","Jena","Thüringen","236","0.211957644396145","211.957644396145","3","1.27118644067797","2020-10-09"
"382","Suhl","Thüringen","36","0.0978553371931827","97.8553371931827","2","5.55555555555556","2020-10-09"
"383","Weimar","Thüringen","144","0.220764089041516","220.764089041516","0","0.0","2020-10-09"
"384","Eisenach","Thüringen","44","0.10414201183432","104.14201183432","4","9.09090909090909","2020-10-09"
"385","Eichsfeld","Thüringen","184","0.18398896066236","183.98896066236","11","5.97826086956522","2020-10-09"
"386","Nordhausen","Thüringen","76","0.0911096192576964","91.1096192576964","2","2.63157894736842","2020-10-09"
"387","Wartburgkreis","Thüringen","145","0.121875367727403","121.875367727403","2","1.37931034482759","2020-10-09"
"388","Unstrut-Hainich-Kreis","Thüringen","119","0.116401909382581","116.401909382581","3","2.52100840336134","2020-10-09"
"389","Kyffhäuserkreis","Thüringen","68","0.0916293860831132","91.6293860831132","0","0.0","2020-10-09"
"390","Schmalkalden-Meiningen","Thüringen","211","0.168913509878638","168.913509878638","6","2.8436018957346","2020-10-09"
"391","Gotha","Thüringen","373","0.276484715509829","276.484715509829","30","8.04289544235925","2020-10-09"
"392","Sömmerda","Thüringen","69","0.0993849655033344","99.3849655033344","1","1.44927536231884","2020-10-09"
"393","Hildburghausen","Thüringen","96","0.151905944902448","151.905944902448","1","1.04166666666667","2020-10-09"
"394","Ilm-Kreis","Thüringen","220","0.207060772336681","207.060772336681","7","3.18181818181818","2020-10-09"
"395","Weimarer Land","Thüringen","156","0.189882662252301","189.8826622523","6","3.84615384615385","2020-10-09"
"396","Sonneberg","Thüringen","323","0.559627146248072","559.627146248072","22","6.81114551083591","2020-10-09"
"397","Saalfeld-Rudolstadt","Thüringen","113","0.109497185050243","109.497185050243","0","0.0","2020-10-09"
"398","Saale-Holzland-Kreis","Thüringen","115","0.138637733574442","138.637733574442","3","2.60869565217391","2020-10-09"
"399","Saale-Orla-Kreis","Thüringen","212","0.263970514991533","263.970514991533","12","5.66037735849057","2020-10-09"
"400","Greiz","Thüringen","707","0.725887595227828","725.887595227828","48","6.78925035360679","2020-10-09"
"401","Altenburger Land","Thüringen","118","0.132001387133221","132.001387133221","4","3.38983050847458","2020-10-09"
"404","Berlin Reinickendorf","Berlin","1188","0.457470281760105","457.470281760105","21","1.76767676767677","2020-10-09"
"405","Berlin Charlottenburg-Wilmersdorf","Berlin","1656","0.495213830102183","495.213830102183","23","1.38888888888889","2020-10-09"
"406","Berlin Treptow-Köpenick","Berlin","689","0.258548227312299","258.548227312299","11","1.59651669085631","2020-10-09"
"407","Berlin Pankow","Berlin","1417","0.355997949934177","355.997949934177","37","2.61115031757234","2020-10-09"
"408","Berlin Neukölln","Berlin","2371","0.738346365722792","738.346365722792","43","1.8135807676086","2020-10-09"
"409","Berlin Lichtenberg","Berlin","891","0.310970885307236","310.970885307236","13","1.45903479236813","2020-10-09"
"410","Berlin Marzahn-Hellersdorf","Berlin","770","0.292812406119399","292.812406119399","7","0.909090909090909","2020-10-09"
"411","Berlin Spandau","Berlin","917","0.383651508875863","383.651508875863","9","0.981461286804798","2020-10-09"
"412","Berlin Steglitz-Zehlendorf","Berlin","1094","0.362039466934942","362.039466934942","13","1.18829981718464","2020-10-09"
"413","Berlin Mitte","Berlin","2709","0.721941807599444","721.941807599444","21","0.775193798449612","2020-10-09"
"414","Berlin Friedrichshain-Kreuzberg","Berlin","1716","0.608383352419175","608.383352419175","9","0.524475524475524","2020-10-09"
"415","Berlin Tempelhof-Schöneberg","Berlin","1694","0.495652072141662","495.652072141662","26","1.53482880755608","2020-10-09"
